ปี,เขต,ประชากรรวม
2569,คลองสาน,61067
2569,คลองสามวา,216294
2569,คลองเตย,88015
2569,คันนายาว,92613
2569,จตุจักร,154561
2569,จอมทอง,136988
2569,ดอนเมือง,165710
2569,ดินแดง,108162
2569,ดุสิต,71841
2569,ตลิ่งชัน,100228
2569,ทวีวัฒนา,80971
2569,ทุ่งครุ,124018
2569,ธนบุรี,95024
2569,บางกอกน้อย,94320
2569,บางกอกใหญ่,58444
2569,บางกะปิ,140540
2569,บางขุนเทียน,185354
2569,บางคอแหลม,74114
2569,บางซื่อ,116023
2569,บางนา,84392
2569,บางบอน,97748
2569,บางพลัด,85503
2569,บางรัก,39780
2569,บางเขน,183119
2569,บางแค,191642
2569,บึงกุ่ม,134378
2569,ปทุมวัน,38005
2569,ประเวศ,183331
2569,ป้อมปราบศัตรูพ่าย,35428
2569,พญาไท,62762
2569,พระนคร,38010
2569,พระโขนง,83620
2569,ภาษีเจริญ,120467
2569,มีนบุรี,140303
2569,ยานนาวา,72137
2569,ราชเทวี,60406
2569,ราษฎร์บูรณะ,74171
2569,ลาดกระบัง,182769
2569,ลาดพร้าว,110286
2569,วังทองหลาง,102032
2569,วัฒนา,79280
2569,สวนหลวง,123163
2569,สะพานสูง,97888
2569,สัมพันธวงศ์,18008
2569,สาทร,68673
2569,สายไหม,212946
2569,หนองจอก,188816
2569,หนองแขม,154438
2569,หลักสี่,96512
2569,ห้วยขวาง,83867
